{
  "accuracies": {
      "train": [
          0.4658119658119659, 0.5982905982905984, 0.747863247863248,
          0.747863247863248, 0.7350427350427351, 0.7820512820512822,
          0.7820512820512822, 0.8205128205128206, 0.8504273504273505,
          0.841880341880342, 0.8547008547008548, 0.8632478632478633,
          0.841880341880342, 0.8717948717948719, 0.8803418803418804,
          0.8376068376068377, 0.8333333333333334, 0.8717948717948719,
          0.8760683760683762, 0.8803418803418804, 0.8846153846153847,
          0.8803418803418804, 0.858974358974359, 0.8803418803418804,
          0.8803418803418804, 0.888888888888889, 0.9102564102564104,
          0.888888888888889, 0.9059829059829061, 0.888888888888889,
          0.9273504273504275, 0.9102564102564104, 0.8974358974358976,
          0.9188034188034189, 0.9316239316239318, 0.8931623931623932,
          0.8974358974358976, 0.9230769230769231, 0.9188034188034189,
          0.9188034188034189, 0.9487179487179488, 0.9188034188034189,
          0.9188034188034189, 0.8974358974358976, 0.9316239316239318,
          0.9017094017094018, 0.9658119658119659, 0.9145299145299146,
          0.935897435897436, 0.9059829059829061
      ],
      "validation": [
          0.5348837209302325, 0.5581395348837209, 0.5581395348837209,
          0.4883720930232558, 0.4883720930232558, 0.46511627906976744,
          0.46511627906976744, 0.5813953488372093, 0.6046511627906976,
          0.6046511627906976, 0.6046511627906976, 0.5581395348837209,
          0.6744186046511628, 0.627906976744186, 0.6744186046511628,
          0.6976744186046512, 0.6976744186046512, 0.6976744186046512,
          0.6511627906976745, 0.6976744186046512, 0.7209302325581395,
          0.6976744186046512, 0.7209302325581395, 0.7209302325581395,
          0.7209302325581395, 0.627906976744186, 0.6511627906976745,
          0.627906976744186, 0.627906976744186, 0.5813953488372093,
          0.6046511627906976, 0.6046511627906976, 0.627906976744186,
          0.627906976744186, 0.6744186046511628, 0.6046511627906976,
          0.6511627906976745, 0.6511627906976745, 0.6511627906976745,
          0.6511627906976745, 0.6744186046511628, 0.6511627906976745,
          0.6511627906976745, 0.6744186046511628, 0.6744186046511628,
          0.6976744186046512, 0.6976744186046512, 0.6744186046511628,
          0.6976744186046512, 0.7441860465116279
      ]
  },
  "losses": {
      "train": [
          0.9517181006252257, 0.7121518238996848, 0.5680580699545705,
          0.550426185131073, 0.48692571913075244, 0.508216598095038,
          0.4555274971529969, 0.3978488419809912, 0.37374424170225096,
          0.3578459992367997, 0.3510487559768889, 0.3374920156266954,
          0.33907196053072935, 0.3414933740073799, 0.316851219560346,
          0.32429419190455705, 0.40433721002350503, 0.3054207599061167,
          0.315339921376644, 0.30789314375983345, 0.2902096745550123,
          0.276170137601021, 0.30954534528601885, 0.27696097100901806,
          0.2626913633102026, 0.3010921603084629, 0.23861898137972906,
          0.2678629875692547, 0.24718803676784548, 0.3036867441275181,
          0.2166958355750793, 0.22317992672960982, 0.2487705344827766,
          0.22978952221381357, 0.20240222465278757, 0.25743086597858333,
          0.22641852014085168, 0.2241182044530526, 0.21429412843834642,
          0.22899094071143714, 0.18169966722146058, 0.19900167504182228,
          0.21765738878494653, 0.2384823876568395, 0.1990018089612325,
          0.23291186899201483, 0.16901625820204744, 0.22739775160438994,
          0.1941822064228547, 0.22457237732716095
      ],
      "validation": [
          1.4494670546332071, 0.9331323047016942, 0.9447542983432149,
          0.8635557238445726, 0.8028238831564437, 1.1054436768903289,
          1.164686850337095, 0.7759415895439857, 0.7249449311300765,
          0.8375697995341101, 0.7222805425178173, 0.7501464610876039,
          0.6929629306460536, 0.702481955982918, 0.6742297147595605,
          0.7615590067796929, 0.658157350018967, 0.6300737899403239,
          0.6979726726232574, 0.6099639930004297, 0.5986543055190596,
          0.5902736387973608, 0.6132486143777537, 0.6214497494836186,
          0.5542623511580533, 0.6428313934525778, 0.7262233693239301,
          0.7973860245804454, 0.7415262717147206, 0.902329467410265,
          0.8762160452992417, 0.8692751090193904, 0.845283160722533,
          0.8892785605303076, 0.7882333494896112, 0.8320909731609877,
          0.7383402003798374, 0.684857155694518, 0.8247177517691324,
          0.6370026995969373, 0.6910971520945083, 0.6977817929068277,
          0.7176443310671075, 0.7920411575672238, 0.7914978938047276,
          0.8412937878869301, 0.6798859675263249, 0.7543816857559736,
          0.6763831217621648, 0.6800690619058387
      ]
  }
}
