{
  "accuracies": {
      "train": [
      0.4914529914529915, 0.5470085470085471, 0.5384615384615385,
      0.5299145299145299, 0.5641025641025642, 0.6068376068376069,
      0.6410256410256411, 0.670940170940171, 0.6452991452991453,
      0.6623931623931625, 0.7222222222222223, 0.7094017094017094,
      0.7136752136752137, 0.7435897435897436, 0.7564102564102565,
      0.764957264957265, 0.8034188034188035, 0.7692307692307693,
      0.7564102564102565, 0.8119658119658121, 0.8247863247863249,
      0.8333333333333334, 0.8547008547008548, 0.841880341880342,
      0.841880341880342, 0.8376068376068377, 0.858974358974359,
      0.858974358974359, 0.8803418803418804, 0.858974358974359
      ],
     "validation": [
      0.4883720930232558, 0.3488372093023256, 0.4418604651162791,
      0.4418604651162791, 0.4418604651162791, 0.4418604651162791,
      0.46511627906976744, 0.4418604651162791, 0.4418604651162791,
      0.4418604651162791, 0.5116279069767442, 0.5348837209302325,
      0.5348837209302325, 0.5348837209302325, 0.5348837209302325,
      0.5581395348837209, 0.6511627906976745, 0.6511627906976745,
      0.6744186046511628, 0.6744186046511628, 0.6511627906976745,
      0.7209302325581395, 0.7441860465116279, 0.7209302325581395,
      0.7441860465116279, 0.764957264957265, 0.8034188034188035,
      0.8034188034188035, 0.8247863247863249, 0.8119658119658121
    ]
    },
 "losses": {
     "train": [
      0.7818929328877702, 0.7554306224880055, 0.7075336493997493,
      0.7046411521414406, 0.6791682177119784, 0.6691153187018174,
      0.6474568069490612, 0.623296423854991, 0.6077496699797802,
      0.6025224078414787, 0.5814826605666397, 0.5682911944185567,
      0.5572684376667707, 0.5388220793161637, 0.5268668058591012,
      0.528078748120202, 0.5058842703827426, 0.49651002450885934,
      0.48892450409057814, 0.4743272231684791, 0.4677343383813516,
      0.4655300516348619, 0.44762780498235655, 0.43836977211838096,
      0.43720434695227534, 0.4329465268514095, 0.4222653042047452,
      0.4116325900595412, 0.40082284222301257, 0.3978265987502204
      ],
      "validation": [
      0.7352883219718933, 0.7590355277061462, 0.836494505405426,
      0.8602814674377441, 0.8198320269584656, 0.778374433517456,
      0.8101795315742493, 0.8770055770874023, 0.9137694835662842,
      0.8782587051391602, 0.7943322658538818, 0.7332643866539001,
      0.7187128067016602, 0.741558849811554, 0.7314243912696838,
      0.6879952549934387, 0.6233729720115662, 0.6082841753959656,
      0.6097076535224915, 0.6174542903900146, 0.6146753430366516,
      0.5943374037742615, 0.5868922472000122, 0.5815185308456421,
      0.5787855386734009, 0.579830527305603, 0.5767675638198853,
      0.5709100961685181, 0.567501962184906, 0.5667962431907654
      ]
  }
}
